,symboling,normalized-losses,make,fuel-type,aspiration,num-of-doors,body-style,drive-wheels,engine-location,wheel-base,length,width,height,curb-weight,engine-type,num-of-cylinders,engine-size,fuel-system,bore,stroke,compression-ratio,horsepower,peak-rpm,city-mpg,highway-mpg,price
0,3,0.0,alfa-romero,gas,std,two,convertible,rwd,front,-1.69,-0.43,-0.84,-2.02,-0.01,dohc,four,0.07,mpfi,0.52,-1.84,-0.29,0.17,-0.26,-0.65,-0.55,0.04
1,3,0.0,alfa-romero,gas,std,two,convertible,rwd,front,-1.69,-0.43,-0.84,-2.02,-0.01,dohc,four,0.07,mpfi,0.52,-1.84,-0.29,0.17,-0.26,-0.65,-0.55,0.42
2,1,0.0,alfa-romero,gas,std,two,hatchback,rwd,front,-0.71,-0.23,-0.19,-0.54,0.51,ohcv,six,0.6,mpfi,-2.4,0.69,-0.29,1.26,-0.26,-0.95,-0.69,0.42
3,2,1.33,audi,gas,std,four,sedan,fwd,front,0.17,0.21,0.14,0.24,-0.42,ohc,four,-0.43,mpfi,-0.52,0.46,-0.04,-0.06,0.79,-0.19,-0.11,0.09
4,2,1.33,audi,gas,std,four,sedan,4wd,front,0.11,0.21,0.23,0.24,0.52,ohc,five,0.22,mpfi,-0.52,0.46,-0.54,0.27,0.79,-1.11,-1.27,0.54
5,2,0.0,audi,gas,std,two,sedan,fwd,front,0.17,0.26,0.18,-0.26,-0.09,ohc,five,0.22,mpfi,-0.52,0.46,-0.41,0.15,0.79,-0.95,-0.84,0.26
6,1,1.14,audi,gas,std,four,sedan,fwd,front,1.17,1.52,2.57,0.81,0.56,ohc,five,0.22,mpfi,-0.52,0.46,-0.41,0.15,0.79,-0.95,-0.84,0.57
7,1,0.0,audi,gas,std,four,wagon,fwd,front,1.17,1.52,2.57,0.81,0.77,ohc,five,0.22,mpfi,-0.52,0.46,-0.41,0.15,0.79,-0.95,-0.84,0.73
8,1,1.14,audi,gas,turbo,four,sedan,fwd,front,1.17,1.52,2.57,0.89,1.02,ohc,five,0.1,mpfi,-0.74,0.46,-0.47,0.91,0.79,-1.26,-1.57,1.36
9,0,0.0,audi,gas,turbo,two,hatchback,4wd,front,0.12,0.34,0.93,-0.71,0.96,ohc,five,0.1,mpfi,-0.74,0.46,-0.79,1.41,0.79,-1.41,-1.27,0.0
10,2,2.21,bmw,gas,std,two,sedan,rwd,front,0.41,0.22,-0.52,0.24,-0.31,ohc,four,-0.46,mpfi,0.63,-1.46,-0.34,-0.08,1.42,-0.34,-0.25,0.41
11,0,2.21,bmw,gas,std,four,sedan,rwd,front,0.41,0.22,-0.52,0.24,-0.31,ohc,four,-0.46,mpfi,0.63,-1.46,-0.34,-0.08,1.42,-0.34,-0.25,0.47
12,0,2.09,bmw,gas,std,two,sedan,rwd,front,0.41,0.22,-0.52,0.24,0.3,ohc,six,0.89,mpfi,-0.07,-0.21,-0.29,0.42,-1.84,-0.65,-0.4,0.99
13,0,2.09,bmw,gas,std,four,sedan,rwd,front,0.41,0.22,-0.52,0.24,0.4,ohc,six,0.89,mpfi,-0.07,-0.21,-0.29,0.42,-1.84,-0.65,-0.4,1.01
14,1,0.0,bmw,gas,std,four,sedan,rwd,front,0.79,1.21,0.46,0.81,0.96,ohc,six,0.89,mpfi,-0.07,-0.21,-0.29,0.42,-1.84,-0.8,-0.84,1.45
15,0,0.0,bmw,gas,std,four,sedan,rwd,front,0.79,1.21,0.46,0.81,1.3,ohc,six,1.98,mpfi,1.07,0.43,-0.54,1.97,0.58,-1.41,-1.27,2.24
16,0,0.0,bmw,gas,std,two,sedan,rwd,front,0.79,1.6,0.93,-0.01,1.59,ohc,six,1.98,mpfi,1.07,0.43,-0.54,1.97,0.58,-1.41,-1.27,3.58
17,0,0.0,bmw,gas,std,four,sedan,rwd,front,1.87,1.86,2.33,1.06,1.83,ohc,six,1.98,mpfi,1.07,0.43,-0.54,1.97,0.58,-1.57,-1.57,3.02
18,2,-0.03,chevrolet,gas,std,two,hatchback,fwd,front,-1.72,-2.68,-2.62,-0.22,-2.06,l,three,-1.59,2bbl,-1.55,-0.72,-0.16,-1.43,-0.05,3.34,3.24,-1.03
19,1,-0.76,chevrolet,gas,std,two,hatchback,fwd,front,-0.71,-1.47,-1.08,-0.71,-1.31,ohc,four,-0.89,2bbl,-1.11,-0.47,-0.14,-0.87,0.58,1.96,1.78,-0.88
20,0,-1.3,chevrolet,gas,std,four,sedan,fwd,front,-0.71,-1.24,-1.08,-0.71,-1.24,ohc,four,-0.89,2bbl,-1.11,-0.47,-0.14,-0.87,0.58,1.96,1.78,-0.84
21,1,-0.13,dodge,gas,std,two,hatchback,fwd,front,-0.84,-1.36,-0.98,-1.2,-1.31,ohc,four,-0.89,2bbl,-1.33,-0.08,-0.18,-0.92,0.79,1.81,1.49,-0.97
22,1,-0.13,dodge,gas,std,two,hatchback,fwd,front,-0.84,-1.36,-0.98,-1.2,-1.31,ohc,four,-0.89,2bbl,-1.33,-0.08,-0.19,-0.92,0.79,0.89,1.06,-0.87
23,1,-0.13,dodge,gas,turbo,two,hatchback,fwd,front,-0.84,-1.36,-0.98,-1.2,-0.82,ohc,four,-0.7,mpfi,-1.11,0.43,-0.64,-0.06,0.79,-0.19,-0.11,-0.67
24,1,0.82,dodge,gas,std,four,hatchback,fwd,front,-0.84,-1.36,-0.98,-1.28,-1.13,ohc,four,-0.89,2bbl,-1.33,-0.08,-0.19,-0.92,0.79,0.89,1.06,-0.89
25,1,0.82,dodge,gas,std,four,sedan,fwd,front,-0.84,-1.36,-0.98,-1.28,-1.09,ohc,four,-0.89,2bbl,-1.33,-0.08,-0.19,-0.92,0.79,0.89,1.06,-0.83
26,1,0.82,dodge,gas,std,four,sedan,fwd,front,-0.84,-1.36,-0.98,-1.28,-1.09,ohc,four,-0.89,2bbl,-1.33,-0.08,-0.19,-0.92,0.79,0.89,1.06,-0.71
27,1,0.82,dodge,gas,turbo,four,sedan,fwd,front,-0.84,-1.36,-0.98,-1.28,-0.7,ohc,four,-0.7,mpfi,-1.11,0.43,-0.64,-0.06,0.79,-0.19,-0.11,-0.59
28,-1,-0.38,dodge,gas,std,four,wagon,fwd,front,0.76,0.04,-0.61,2.49,-0.04,ohc,four,-0.12,2bbl,0.04,0.65,-0.41,-0.41,-0.26,-0.19,-0.11,-0.55
29,3,0.73,dodge,gas,turbo,two,hatchback,fwd,front,-0.48,-0.07,0.18,-1.45,0.49,ohc,four,0.7,mfi,1.0,2.06,-0.79,1.03,-0.26,-0.95,-0.98,-0.03
30,2,0.47,honda,gas,std,two,hatchback,fwd,front,-2.02,-2.39,-0.94,-1.2,-1.62,ohc,four,-0.84,1bbl,-1.55,0.49,-0.14,-1.17,-0.68,3.64,3.38,-0.86
31,2,0.47,honda,gas,std,two,hatchback,fwd,front,-2.02,-2.39,-0.94,-1.2,-1.42,ohc,four,-0.84,1bbl,-1.55,0.49,-0.24,-0.72,1.84,0.89,1.06,-0.81
32,1,-0.66,honda,gas,std,two,hatchback,fwd,front,-0.84,-1.95,-0.89,-0.46,-1.38,ohc,four,-1.15,1bbl,-1.55,-0.59,-0.01,-1.12,0.79,1.96,1.64,-0.99
33,1,-0.66,honda,gas,std,two,hatchback,fwd,front,-0.84,-1.95,-0.89,-0.46,-1.19,ohc,four,-0.84,1bbl,-1.55,0.49,-0.24,-0.72,1.84,0.73,0.47,-0.85
34,1,-0.66,honda,gas,std,two,hatchback,fwd,front,-0.84,-1.95,-0.89,-0.46,-1.15,ohc,four,-0.84,1bbl,-1.55,0.49,-0.24,-0.72,1.84,0.73,0.47,-0.77
35,0,-0.38,honda,gas,std,four,sedan,fwd,front,-0.38,-0.87,-0.89,0.32,-1.05,ohc,four,-0.84,1bbl,-1.55,0.49,-0.24,-0.72,1.84,0.73,0.47,-0.75
36,0,-1.39,honda,gas,std,four,wagon,fwd,front,-0.38,-1.38,-0.94,1.88,-1.02,ohc,four,-0.84,1bbl,-1.52,0.49,-0.24,-0.72,1.84,0.73,0.47,-0.75
37,0,-0.51,honda,gas,std,two,hatchback,fwd,front,-0.38,-0.53,-0.33,-0.17,-0.62,ohc,four,-0.41,1bbl,-0.67,1.04,-0.29,-0.46,1.42,0.27,0.33,-0.68
38,0,-0.51,honda,gas,std,two,hatchback,fwd,front,-0.38,-0.53,-0.33,-0.17,-0.51,ohc,four,-0.41,1bbl,-0.67,1.04,-0.29,-0.46,1.42,0.27,0.33,-0.52
39,0,-1.17,honda,gas,std,four,sedan,fwd,front,-0.38,0.11,-0.33,0.15,-0.48,ohc,four,-0.41,1bbl,-0.67,1.04,-0.29,-0.46,1.42,0.27,0.33,-0.56
40,0,-1.17,honda,gas,std,four,sedan,fwd,front,-0.38,0.11,-1.59,0.15,-0.35,ohc,four,-0.41,1bbl,-0.67,1.04,-0.29,-0.46,1.42,0.27,0.33,-0.37
41,0,-1.17,honda,gas,std,four,sedan,fwd,front,-0.38,0.11,-0.33,0.15,-0.17,ohc,four,-0.41,mpfi,-0.67,1.04,-0.29,-0.08,1.42,-0.19,-0.4,-0.03
42,1,-0.47,honda,gas,std,two,sedan,fwd,front,-0.38,-0.4,0.04,-1.12,-0.51,ohc,four,-0.41,2bbl,-0.67,1.04,-0.26,-0.11,0.79,-0.03,0.04,-0.36
43,0,0.0,isuzu,gas,std,four,sedan,rwd,front,-0.74,-0.27,-1.92,-0.09,-0.42,ohc,four,-0.38,2bbl,-0.07,-0.08,-0.41,-0.67,-0.68,-0.19,-0.25,-0.82
44,1,0.0,isuzu,gas,std,two,sedan,fwd,front,-0.71,-1.47,-1.08,-0.71,-1.31,ohc,four,-0.89,2bbl,-1.11,-0.47,-0.14,-0.87,0.58,1.96,1.78,0.0
45,0,0.0,isuzu,gas,std,four,sedan,fwd,front,-0.71,-1.47,-1.08,-0.71,-1.24,ohc,four,-0.89,2bbl,-1.11,-0.47,-0.14,-0.87,0.58,1.96,1.78,0.0
46,2,0.0,isuzu,gas,std,two,hatchback,rwd,front,-0.46,-0.12,-0.33,-0.95,0.34,ohc,four,-0.19,spfi,0.37,-0.08,-0.24,-0.36,-0.26,-0.19,-0.25,-0.28
47,0,0.73,jaguar,gas,std,four,sedan,rwd,front,2.37,2.08,1.73,-0.38,2.91,dohc,six,3.16,mpfi,1.11,2.92,-0.52,1.82,-0.79,-1.57,-1.71,2.43
48,0,0.0,jaguar,gas,std,four,sedan,rwd,front,2.37,2.08,1.73,-0.38,2.91,dohc,six,3.16,mpfi,1.11,2.92,-0.52,1.82,-0.79,-1.57,-1.71,2.85
49,0,0.0,jaguar,gas,std,two,sedan,rwd,front,0.54,1.43,2.19,-2.43,2.68,ohcv,twelve,4.79,mpfi,0.78,-1.58,0.34,4.0,-0.26,-1.87,-2.0,2.9
50,1,-0.57,mazda,gas,std,two,hatchback,fwd,front,-0.94,-1.21,-0.8,0.15,-1.28,ohc,four,-0.86,2bbl,-1.11,-0.34,-0.29,-0.92,-0.26,0.73,0.04,-1.02
51,1,-0.57,mazda,gas,std,two,hatchback,fwd,front,-0.94,-1.21,-0.8,0.15,-1.26,ohc,four,-0.86,2bbl,-1.11,-0.34,-0.29,-0.92,-0.26,0.89,1.06,-0.91
52,1,-0.57,mazda,gas,std,two,hatchback,fwd,front,-0.94,-1.21,-0.8,0.15,-1.25,ohc,four,-0.86,2bbl,-1.11,-0.34,-0.29,-0.92,-0.26,0.89,1.06,-0.82
53,1,-0.28,mazda,gas,std,four,sedan,fwd,front,-0.94,-0.59,-0.8,0.15,-1.18,ohc,four,-0.86,2bbl,-1.11,-0.34,-0.29,-0.92,-0.26,0.89,1.06,-0.83
54,1,-0.28,mazda,gas,std,four,sedan,fwd,front,-0.94,-0.59,-0.8,0.15,-1.17,ohc,four,-0.86,2bbl,-0.92,-0.34,-0.29,-0.92,-0.26,0.89,1.06,-0.74
55,3,0.89,mazda,gas,std,two,hatchback,rwd,front,-0.58,-0.41,-0.1,-1.69,-0.34,rotor,two,-1.37,4bbl,0.0,0.01,-0.19,-0.08,1.84,-1.26,-1.13,-0.29
56,3,0.89,mazda,gas,std,two,hatchback,rwd,front,-0.58,-0.41,-0.1,-1.69,-0.34,rotor,two,-1.37,4bbl,0.0,0.01,-0.19,-0.08,1.84,-1.26,-1.13,-0.17
57,3,0.89,mazda,gas,std,two,hatchback,rwd,front,-0.58,-0.41,-0.1,-1.69,-0.33,rotor,two,-1.37,4bbl,0.0,0.01,-0.19,-0.08,1.84,-1.26,-1.13,0.06
58,3,0.89,mazda,gas,std,two,hatchback,rwd,front,-0.58,-0.41,-0.1,-1.69,-0.11,rotor,two,-1.13,mpfi,0.0,0.01,-0.19,0.78,1.84,-1.41,-1.13,0.31
59,1,0.22,mazda,gas,std,two,hatchback,fwd,front,0.01,0.3,0.28,-0.01,-0.33,ohc,four,-0.12,2bbl,0.22,0.43,-0.39,-0.51,-0.68,0.12,0.18,-0.56
60,0,-0.22,mazda,gas,std,four,sedan,fwd,front,0.01,0.3,0.28,0.73,-0.28,ohc,four,-0.12,2bbl,0.22,0.43,-0.39,-0.51,-0.68,0.12,0.18,-0.6
61,1,0.22,mazda,gas,std,two,hatchback,fwd,front,0.01,0.3,0.28,-0.01,-0.33,ohc,four,-0.12,2bbl,0.22,0.43,-0.39,-0.51,-0.68,0.12,0.18,-0.33
62,0,-0.22,mazda,gas,std,four,sedan,fwd,front,0.01,0.3,0.28,0.73,-0.28,ohc,four,-0.12,2bbl,0.22,0.43,-0.39,-0.51,-0.68,0.12,0.18,-0.38
63,0,0.0,mazda,diesel,std,four,sedan,fwd,front,0.01,0.3,0.28,0.73,-0.22,ohc,four,-0.12,idi,0.22,0.43,3.17,-1.02,-1.0,1.65,1.64,-0.31
64,0,-0.22,mazda,gas,std,four,hatchback,fwd,front,0.01,0.3,0.28,0.73,-0.25,ohc,four,-0.12,2bbl,0.22,0.43,-0.39,-0.51,-0.68,0.12,0.18,-0.25
65,0,-0.13,mazda,gas,std,four,sedan,rwd,front,1.02,0.08,0.09,0.28,0.22,ohc,four,0.32,mpfi,1.59,-0.31,-0.54,0.4,-0.26,-0.95,-0.55,0.65
66,0,0.0,mazda,diesel,std,four,sedan,rwd,front,1.02,0.08,0.09,0.28,0.28,ohc,four,0.17,idi,0.37,1.23,2.99,-0.82,-1.94,0.89,1.2,0.65
67,-1,-0.92,mercedes-benz,diesel,turbo,four,sedan,rwd,front,1.87,1.37,2.05,1.14,1.85,ohc,five,1.35,idi,0.93,1.23,2.87,0.48,-1.63,-0.49,-0.84,1.57
68,-1,-0.92,mercedes-benz,diesel,turbo,four,wagon,rwd,front,1.87,1.37,2.05,2.04,2.3,ohc,five,1.35,idi,0.93,1.23,2.87,0.48,-1.63,-0.49,-0.84,1.92
69,0,-0.92,mercedes-benz,diesel,turbo,two,hardtop,rwd,front,1.32,1.09,2.05,0.48,1.81,ohc,five,1.35,idi,0.93,1.23,2.87,0.48,-1.63,-0.49,-0.84,1.91
70,-1,-0.92,mercedes-benz,diesel,turbo,four,sedan,rwd,front,2.8,2.32,2.71,1.06,2.34,ohc,five,1.35,idi,0.93,1.23,2.87,0.48,-1.63,-0.49,-0.84,2.34
71,-1,0.0,mercedes-benz,gas,std,four,sedan,rwd,front,2.8,2.32,2.71,1.14,2.28,ohcv,eight,2.58,mpfi,0.48,-0.5,-0.47,1.29,-0.79,-1.41,-1.86,2.67
72,3,0.63,mercedes-benz,gas,std,two,convertible,rwd,front,-0.36,0.51,2.15,-1.2,2.17,ohcv,eight,2.58,mpfi,0.48,-0.5,-0.47,1.29,-0.79,-1.41,-1.86,2.78
73,0,0.0,mercedes-benz,gas,std,four,sedan,rwd,front,3.69,2.77,2.71,1.22,2.59,ohcv,eight,4.36,mpfi,1.74,0.3,-0.54,2.02,-1.31,-1.72,-2.15,3.54
74,1,0.0,mercedes-benz,gas,std,two,hardtop,rwd,front,2.2,2.04,2.85,0.69,2.23,ohcv,eight,4.26,mpfi,1.74,0.3,-0.54,2.02,-1.31,-1.72,-2.15,4.1
75,1,0.0,mercury,gas,turbo,two,hatchback,rwd,front,0.66,0.35,0.98,0.44,0.68,ohc,four,0.32,mpfi,1.67,-0.43,-0.54,1.79,-0.26,-0.95,-0.98,0.42
76,2,1.23,mitsubishi,gas,std,two,hatchback,fwd,front,-0.84,-1.36,-0.7,-1.2,-1.23,ohc,four,-0.84,2bbl,-1.33,-0.08,-0.19,-0.92,0.79,1.81,1.49,-1.0
77,2,1.23,mitsubishi,gas,std,two,hatchback,fwd,front,-0.84,-1.36,-0.7,-1.2,-1.18,ohc,four,-0.84,2bbl,-1.33,-0.08,-0.19,-0.92,0.79,0.89,1.06,-0.89
78,2,1.23,mitsubishi,gas,std,two,hatchback,fwd,front,-0.84,-1.36,-0.7,-1.2,-1.06,ohc,four,-0.84,2bbl,-1.33,-0.08,-0.19,-0.92,0.79,0.89,1.06,-0.83
79,1,1.23,mitsubishi,gas,turbo,two,hatchback,fwd,front,-0.96,-1.36,-0.98,-1.2,-0.79,ohc,four,-0.7,spdi,-1.11,0.43,-0.64,-0.06,0.79,-0.19,-0.11,-0.7
80,3,0.98,mitsubishi,gas,turbo,two,hatchback,fwd,front,-0.41,-0.09,-0.24,-1.77,-0.36,ohc,four,-0.41,spdi,-0.59,0.65,-0.67,0.3,0.79,-0.34,-0.11,-0.41
81,3,0.98,mitsubishi,gas,std,two,hatchback,fwd,front,-0.41,-0.09,-0.24,-1.77,-0.44,ohc,four,-0.12,2bbl,0.07,0.65,-0.41,-0.41,-0.26,-0.03,0.18,-0.6
82,3,0.0,mitsubishi,gas,turbo,two,hatchback,fwd,front,-0.48,-0.07,0.18,-1.45,0.53,ohc,four,0.7,spdi,0.93,1.93,-0.79,1.03,-0.26,-0.95,-0.98,-0.07
83,3,0.0,mitsubishi,gas,turbo,two,hatchback,fwd,front,-0.48,-0.07,0.18,-1.45,0.7,ohc,four,0.7,spdi,0.96,1.93,-0.79,1.03,-0.26,-0.95,-0.98,0.21
84,3,0.0,mitsubishi,gas,turbo,two,hatchback,fwd,front,-0.48,-0.07,0.18,-1.45,0.71,ohc,four,0.7,spdi,0.96,1.93,-0.79,1.03,-0.26,-0.95,-0.98,0.16
85,1,0.09,mitsubishi,gas,std,four,sedan,fwd,front,-0.41,-0.13,-0.24,-0.87,-0.37,ohc,four,-0.12,2bbl,0.07,0.65,-0.41,-0.41,-0.26,-0.03,0.18,-0.79
86,1,0.09,mitsubishi,gas,std,four,sedan,fwd,front,-0.41,-0.13,-0.24,-0.87,-0.29,ohc,four,-0.12,2bbl,0.07,0.65,-0.41,-0.41,-0.26,-0.03,0.18,-0.64
87,1,0.09,mitsubishi,gas,turbo,four,sedan,fwd,front,-0.41,-0.13,-0.24,-0.87,-0.29,ohc,four,-0.41,spdi,-0.59,0.65,-0.67,0.3,0.79,-0.34,-0.11,-0.5
88,-1,0.47,mitsubishi,gas,std,four,sedan,fwd,front,-0.41,-0.13,-0.24,-0.87,-0.29,ohc,four,-0.41,spdi,-0.59,0.65,-0.67,0.3,0.79,-0.34,-0.11,-0.5
89,1,0.19,nissan,gas,std,two,sedan,fwd,front,-0.71,-0.71,-0.98,0.32,-1.28,ohc,four,-0.72,2bbl,-0.67,0.11,-0.19,-0.89,0.16,0.89,0.91,-0.98
90,1,0.19,nissan,diesel,std,two,sedan,fwd,front,-0.71,-0.71,-0.98,0.32,-1.04,ohc,four,-0.58,idi,-1.26,0.69,2.97,-1.25,-0.68,3.03,2.8,-0.78
91,1,0.19,nissan,gas,std,two,sedan,fwd,front,-0.71,-0.71,-0.98,0.32,-1.23,ohc,four,-0.72,2bbl,-0.67,0.11,-0.19,-0.89,0.16,0.89,0.91,-0.84
92,1,0.0,nissan,gas,std,four,sedan,fwd,front,-0.71,-0.71,-0.98,0.32,-1.19,ohc,four,-0.72,2bbl,-0.67,0.11,-0.19,-0.89,0.16,0.89,0.91,-0.81
93,1,-0.6,nissan,gas,std,four,wagon,fwd,front,-0.71,-0.31,-0.98,-0.09,-1.02,ohc,four,-0.72,2bbl,-0.67,0.11,-0.19,-0.89,0.16,0.89,0.91,-0.75
94,1,0.19,nissan,gas,std,two,sedan,fwd,front,-0.71,-0.71,-0.98,0.32,-1.16,ohc,four,-0.72,2bbl,-0.67,0.11,-0.19,-0.89,0.16,0.89,0.91,-0.75
95,1,0.19,nissan,gas,std,two,hatchback,fwd,front,-0.71,-0.69,-0.98,-0.17,-1.02,ohc,four,-0.72,2bbl,-0.67,0.11,-0.19,-0.89,0.16,0.89,0.91,-0.69
96,1,0.0,nissan,gas,std,four,sedan,fwd,front,-0.71,-0.71,-0.98,0.32,-1.13,ohc,four,-0.72,2bbl,-0.67,0.11,-0.19,-0.89,0.16,0.89,0.91,-0.73
97,1,-0.6,nissan,gas,std,four,wagon,fwd,front,-0.71,-0.31,-0.98,-0.09,-1.0,ohc,four,-0.72,2bbl,-0.67,0.11,-0.19,-0.89,0.16,0.89,0.91,-0.66
98,2,1.46,nissan,gas,std,two,hardtop,fwd,front,-0.61,-0.95,-0.98,-0.17,-1.05,ohc,four,-0.72,2bbl,-0.67,0.11,-0.19,-0.89,0.16,0.89,0.91,-0.63
99,0,-0.51,nissan,gas,std,four,hatchback,fwd,front,-0.26,-0.05,-0.33,0.4,-0.45,ohc,four,-0.17,2bbl,0.0,0.69,-0.41,-0.18,0.16,0.27,0.47,-0.54
100,0,-0.51,nissan,gas,std,four,sedan,fwd,front,-0.26,-0.05,-0.33,0.4,-0.49,ohc,four,-0.17,2bbl,0.0,0.69,-0.41,-0.18,0.16,0.27,0.47,-0.47
101,0,0.19,nissan,gas,std,four,sedan,fwd,front,0.27,0.62,0.28,0.56,1.04,ohcv,six,1.3,mpfi,0.37,0.05,-0.29,1.21,0.16,-1.26,-1.27,0.04
102,0,-0.44,nissan,gas,std,four,wagon,fwd,front,0.27,0.86,0.28,0.97,1.43,ohcv,six,1.3,mpfi,0.37,0.05,-0.29,1.21,0.16,-1.26,-1.27,0.15
103,0,-0.44,nissan,gas,std,four,sedan,fwd,front,0.27,0.86,0.28,0.56,0.97,ohcv,six,1.3,mpfi,0.37,0.05,-0.29,1.21,0.16,-0.95,-0.84,0.04
104,3,2.28,nissan,gas,std,two,hatchback,rwd,front,-1.24,-0.27,0.93,-1.65,0.99,ohcv,six,1.3,mpfi,0.37,0.05,-0.29,1.41,0.16,-0.95,-0.84,0.51
105,3,2.28,nissan,gas,turbo,two,hatchback,rwd,front,-1.24,-0.27,0.93,-1.65,1.12,ohcv,six,1.3,mpfi,0.37,0.05,-0.59,2.43,0.16,-1.26,-1.13,0.83
106,1,3.45,nissan,gas,std,two,hatchback,rwd,front,0.07,0.36,0.93,-1.65,1.12,ohcv,six,1.3,mpfi,0.37,0.05,-0.29,1.41,0.16,-0.95,-0.84,0.66
107,0,1.23,peugot,gas,std,four,sedan,rwd,front,1.52,1.03,1.16,1.22,0.89,l,four,-0.17,mpfi,0.48,-0.21,-0.44,-0.18,-0.26,-0.95,-0.98,-0.17
108,0,1.23,peugot,diesel,turbo,four,sedan,rwd,front,1.52,1.03,1.16,1.22,1.23,l,four,0.6,idi,1.37,0.85,2.74,-0.23,-2.05,0.43,0.33,-0.0
109,0,0.0,peugot,gas,std,four,wagon,rwd,front,2.57,2.02,1.16,2.04,1.3,l,four,-0.17,mpfi,0.48,-0.21,-0.44,-0.18,-0.26,-0.95,-0.98,-0.1
110,0,0.0,peugot,diesel,turbo,four,wagon,rwd,front,2.57,2.02,1.16,2.04,1.68,l,four,0.6,idi,1.37,0.85,2.74,-0.23,-2.05,-0.03,-0.84,0.08
111,0,1.23,peugot,gas,std,four,sedan,rwd,front,1.52,1.03,1.16,1.22,1.0,l,four,-0.17,mpfi,0.48,-3.41,-0.44,-0.23,-0.26,-0.95,-0.98,0.3
112,0,1.23,peugot,diesel,turbo,four,sedan,rwd,front,1.52,1.03,1.16,1.22,1.34,l,four,0.6,idi,1.37,0.85,2.74,-0.23,-2.05,0.43,0.33,0.47
113,0,0.0,peugot,gas,std,four,wagon,rwd,front,2.57,2.02,1.16,1.22,1.4,l,four,-0.17,mpfi,0.48,-3.41,-0.44,-0.23,-0.26,-0.95,-0.98,0.44
114,0,0.0,peugot,diesel,turbo,four,wagon,rwd,front,2.57,2.02,1.16,2.04,1.79,l,four,0.6,idi,1.37,0.85,2.74,-0.23,-2.05,-0.03,-0.84,0.49
115,0,1.23,peugot,gas,std,four,sedan,rwd,front,1.52,1.03,1.16,1.22,1.0,l,four,-0.17,mpfi,0.48,-0.21,-0.44,-0.18,-0.26,-0.95,-0.98,0.44
116,0,1.23,peugot,diesel,turbo,four,sedan,rwd,front,1.52,1.03,1.16,1.22,1.34,l,four,0.6,idi,1.37,0.85,2.74,-0.23,-2.05,0.43,0.33,0.6
117,0,1.23,peugot,gas,turbo,four,sedan,rwd,front,1.54,1.03,1.12,0.93,1.11,l,four,0.17,mpfi,1.04,-0.15,-0.79,0.96,1.0,-1.11,-0.98,0.63
118,1,-0.09,plymouth,gas,std,two,hatchback,fwd,front,-0.84,-1.36,-0.98,-1.2,-1.23,ohc,four,-0.89,2bbl,-1.33,-0.08,-0.19,-0.92,0.79,1.81,1.49,-0.97
119,1,-0.09,plymouth,gas,turbo,two,hatchback,fwd,front,-0.84,-1.36,-0.98,-1.2,-0.82,ohc,four,-0.7,spdi,-1.11,0.43,-0.64,-0.06,0.79,-0.19,-0.11,-0.67
120,1,1.01,plymouth,gas,std,four,hatchback,fwd,front,-0.84,-1.36,-0.98,-1.28,-1.13,ohc,four,-0.89,2bbl,-1.33,-0.08,-0.19,-0.92,0.79,0.89,1.06,-0.89
121,1,1.01,plymouth,gas,std,four,sedan,fwd,front,-0.84,-0.55,-0.98,-1.2,-1.09,ohc,four,-0.89,2bbl,-1.33,-0.08,-0.19,-0.92,0.79,0.89,1.06,-0.83
122,1,1.01,plymouth,gas,std,four,sedan,fwd,front,-0.84,-0.55,-0.98,-1.2,-0.7,ohc,four,-0.7,2bbl,-1.33,-0.08,-0.19,-0.92,0.79,0.89,1.06,-0.71
123,-1,-1.52,plymouth,gas,std,four,wagon,fwd,front,0.76,0.04,-0.61,2.49,-0.04,ohc,four,-0.12,2bbl,0.07,0.65,-0.41,-0.41,-0.26,-0.19,-0.11,-0.55
124,3,0.0,plymouth,gas,turbo,two,hatchback,rwd,front,-0.48,-0.07,0.18,-1.45,0.51,ohc,four,0.7,spdi,0.96,1.93,-0.79,1.03,-0.26,-0.95,-0.98,-0.06
125,3,2.03,porsche,gas,std,two,hatchback,rwd,front,-0.71,-0.42,1.12,-1.45,0.43,ohc,four,0.58,mpfi,2.26,-0.47,-0.16,0.98,0.79,-0.95,-0.55,1.12
126,3,0.0,porsche,gas,std,two,hardtop,rwd,rear,-1.54,-0.42,-0.42,-0.87,0.39,ohcf,six,1.62,mpfi,1.52,-1.14,-0.16,2.61,1.63,-1.26,-0.84,2.46
127,3,0.0,porsche,gas,std,two,hardtop,rwd,rear,-1.54,-0.42,-0.42,-0.87,0.39,ohcf,six,1.62,mpfi,1.52,-1.14,-0.16,2.61,1.63,-1.26,-0.84,2.65
128,3,0.0,porsche,gas,std,two,convertible,rwd,rear,-1.54,-0.42,-0.42,-0.87,0.47,ohcf,six,1.62,mpfi,1.52,-1.14,-0.16,2.61,1.63,-1.26,-0.84,3.03
129,1,0.0,porsche,gas,std,two,hatchback,rwd,front,-0.06,0.13,2.99,-1.32,1.56,dohcv,eight,1.83,mpfi,2.26,-0.47,-0.04,4.66,1.31,-1.26,-0.4,0.0
130,0,0.0,renault,gas,std,four,wagon,fwd,front,-0.44,0.61,0.28,0.61,0.05,ohc,four,0.12,mpfi,0.48,2.06,-0.36,0.0,0.0,-0.34,0.04,-0.5
131,2,0.0,renault,gas,std,two,hatchback,fwd,front,-0.44,0.22,0.32,-1.32,-0.18,ohc,four,0.12,mpfi,0.48,2.06,-0.36,0.0,0.0,-0.34,0.04,-0.42
132,3,0.89,saab,gas,std,two,hatchback,fwd,front,0.06,1.02,0.28,0.97,0.2,ohc,four,-0.14,mpfi,0.78,-0.59,-0.21,0.15,0.26,-0.65,-0.4,-0.17
133,2,-0.57,saab,gas,std,four,sedan,fwd,front,0.06,1.02,0.28,0.97,0.27,ohc,four,-0.14,mpfi,0.78,-0.59,-0.21,0.15,0.26,-0.65,-0.4,-0.13
134,3,0.89,saab,gas,std,two,hatchback,fwd,front,0.06,1.02,0.28,0.97,0.29,ohc,four,-0.14,mpfi,-2.92,-3.79,-0.21,0.15,0.26,-0.65,-0.4,0.23
135,2,-0.57,saab,gas,std,four,sedan,fwd,front,0.06,1.02,0.28,0.97,0.39,ohc,four,-0.14,mpfi,0.78,-0.59,-0.21,0.15,0.26,-0.65,-0.4,0.29
136,3,0.89,saab,gas,turbo,two,hatchback,fwd,front,0.06,1.02,0.28,0.97,0.49,dohc,four,-0.14,mpfi,0.78,-0.59,-0.29,1.41,0.79,-0.95,-0.69,0.63
137,2,-0.57,saab,gas,turbo,four,sedan,fwd,front,0.06,1.02,0.28,0.97,0.56,dohc,four,-0.14,mpfi,0.78,-0.59,-0.29,1.41,0.79,-0.95,-0.69,0.69
138,2,-1.23,subaru,gas,std,two,hatchback,fwd,front,-0.84,-1.39,-1.17,-0.01,-0.97,ohcf,four,-0.72,2bbl,1.07,-2.86,-0.29,-0.89,-0.47,0.89,0.76,-1.03
139,2,-1.23,subaru,gas,std,two,hatchback,fwd,front,-0.84,-1.31,-1.08,-0.01,-0.84,ohcf,four,-0.46,2bbl,1.07,-1.97,-0.36,-0.79,-1.52,0.12,0.04,-0.78
140,2,-1.23,subaru,gas,std,two,hatchback,4wd,front,-0.91,-1.36,-0.98,0.81,-0.61,ohcf,four,-0.46,2bbl,1.07,-1.97,-0.36,-0.79,-1.52,0.12,0.04,-0.71
141,0,-0.63,subaru,gas,std,four,sedan,fwd,front,-0.26,-0.17,-0.24,-0.5,-0.79,ohcf,four,-0.46,2bbl,1.07,-1.97,-0.16,-0.56,-0.68,1.04,0.91,-0.77
142,0,-0.63,subaru,gas,std,four,sedan,fwd,front,-0.26,-0.17,-0.24,-0.5,-0.7,ohcf,four,-0.46,2bbl,1.07,-1.97,-0.16,-0.56,-1.52,0.43,0.33,-0.69
143,0,-0.63,subaru,gas,std,four,sedan,fwd,front,-0.26,-0.17,-0.24,-0.5,-0.42,ohcf,four,-0.46,mpfi,1.07,-1.97,-0.29,-0.26,0.16,0.12,0.18,-0.41
144,0,-0.63,subaru,gas,std,four,sedan,4wd,front,-0.29,-0.17,-0.24,0.24,-0.33,ohcf,four,-0.46,2bbl,1.07,-1.97,-0.29,-0.56,-0.68,-0.19,-0.84,-0.51
145,0,-0.63,subaru,gas,turbo,four,sedan,4wd,front,-0.29,-0.17,-0.24,0.24,-0.09,ohcf,four,-0.46,mpfi,1.07,-1.97,-0.62,0.17,-0.68,-0.19,-0.25,-0.25
146,0,-1.04,subaru,gas,std,four,wagon,fwd,front,-0.29,-0.04,-0.24,-0.3,-0.51,ohcf,four,-0.46,2bbl,1.07,-1.97,-0.29,-0.56,-0.68,0.43,0.18,-0.73
147,0,-1.04,subaru,gas,std,four,wagon,fwd,front,-0.29,-0.04,-0.24,-0.3,-0.19,ohcf,four,-0.46,mpfi,1.07,-1.97,-0.29,-0.26,0.16,-0.03,0.04,-0.38
148,0,-1.17,subaru,gas,std,four,wagon,4wd,front,-0.31,-0.04,-0.24,0.48,-0.26,ohcf,four,-0.46,2bbl,1.07,-1.97,-0.29,-0.56,-0.68,-0.34,-0.25,-0.66
149,0,-1.17,subaru,gas,turbo,four,wagon,4wd,front,-0.31,-0.04,-0.24,0.48,0.18,ohcf,four,-0.46,mpfi,1.07,-1.97,-0.62,0.17,-0.68,-0.34,-1.13,-0.19
150,1,-1.11,toyota,gas,std,two,hatchback,fwd,front,-0.51,-1.25,-1.08,0.32,-1.1,ohc,four,-0.84,2bbl,-1.04,-0.72,-0.29,-1.07,-0.68,1.5,1.2,-1.0
151,1,-1.11,toyota,gas,std,two,hatchback,fwd,front,-0.51,-1.25,-1.08,0.32,-0.99,ohc,four,-0.84,2bbl,-1.04,-0.72,-0.29,-1.07,-0.68,0.89,1.06,-0.88
152,1,-1.52,toyota,gas,std,four,hatchback,fwd,front,-0.51,-1.25,-1.08,0.32,-1.04,ohc,four,-0.84,2bbl,-1.04,-0.72,-0.29,-1.07,-0.68,0.89,1.06,-0.86
153,0,-1.42,toyota,gas,std,four,wagon,fwd,front,-0.51,-0.35,-1.08,2.21,-0.53,ohc,four,-0.84,2bbl,-1.04,-0.72,-0.29,-1.07,-0.68,0.89,0.91,-0.8
154,0,-1.3,toyota,gas,std,four,wagon,4wd,front,-0.51,-0.35,-1.08,2.21,-0.51,ohc,four,-0.84,2bbl,-1.04,-0.72,-0.29,-1.07,-0.68,0.27,0.18,-0.68
155,0,-0.98,toyota,gas,std,four,wagon,4wd,front,-0.51,-0.35,-1.08,2.21,1.07,ohc,four,-0.84,2bbl,-1.04,-0.72,-0.29,-1.07,-0.68,0.27,0.18,-0.56
156,0,-0.98,toyota,gas,std,four,sedan,fwd,front,-0.51,-0.63,-0.7,-0.3,-0.91,ohc,four,-0.7,2bbl,-0.52,-0.72,-0.29,-0.87,-0.68,0.73,0.91,-0.8
157,0,-0.98,toyota,gas,std,four,hatchback,fwd,front,-0.51,-0.63,-0.7,-0.38,-0.86,ohc,four,-0.7,2bbl,-0.52,-0.72,-0.29,-0.87,-0.68,0.73,0.91,-0.77
158,0,-0.98,toyota,diesel,std,four,sedan,fwd,front,-0.51,-0.63,-0.7,-0.3,-0.54,ohc,four,-0.41,idi,-0.22,0.3,3.12,-1.22,-1.31,1.35,0.76,-0.68
159,0,-0.98,toyota,diesel,std,four,hatchback,fwd,front,-0.51,-0.63,-0.7,-0.38,-0.54,ohc,four,-0.41,idi,-0.22,0.3,3.12,-1.22,-1.31,1.96,2.37,-0.69
160,0,-0.98,toyota,gas,std,four,sedan,fwd,front,-0.51,-0.63,-0.7,-0.3,-0.89,ohc,four,-0.7,2bbl,-0.52,-0.72,-0.29,-0.87,-0.68,1.96,2.37,-0.7
161,0,-0.98,toyota,gas,std,four,hatchback,fwd,front,-0.51,-0.63,-0.7,-0.38,-0.83,ohc,four,-0.7,2bbl,-0.52,-0.72,-0.29,-0.87,-0.68,0.43,0.47,-0.62
162,0,-0.98,toyota,gas,std,four,sedan,fwd,front,-0.51,-0.63,-0.7,-0.38,-0.8,ohc,four,-0.7,2bbl,-0.52,-0.72,-0.29,-0.87,-0.68,0.43,0.47,-0.5
163,1,1.46,toyota,gas,std,two,sedan,rwd,front,-0.71,-0.43,-0.89,-0.46,-0.74,ohc,four,-0.7,2bbl,-0.52,-0.72,-0.29,-0.87,-0.68,0.58,0.47,-0.66
164,1,1.46,toyota,gas,std,two,hatchback,rwd,front,-0.71,-0.43,-0.89,-0.46,-0.68,ohc,four,-0.7,2bbl,-0.52,-0.72,-0.29,-0.87,-0.68,0.58,0.47,-0.63
165,1,1.46,toyota,gas,std,two,sedan,rwd,front,-0.71,-0.43,-0.89,-0.46,-0.56,dohc,four,-0.7,mpfi,-0.33,-0.56,-0.19,0.2,3.1,0.12,-0.25,-0.5
166,1,1.46,toyota,gas,std,two,hatchback,rwd,front,-0.71,-0.43,-0.89,-0.46,-0.49,dohc,four,-0.7,mpfi,-0.33,-0.56,-0.19,0.2,3.1,0.12,-0.25,-0.47
167,2,0.38,toyota,gas,std,two,hardtop,rwd,front,-0.06,0.17,-0.14,-0.71,-0.03,ohc,four,0.46,mpfi,1.07,0.78,-0.21,0.3,-0.68,-0.19,-0.11,-0.61
168,2,0.38,toyota,gas,std,two,hardtop,rwd,front,-0.06,0.17,-0.14,-0.71,-0.04,ohc,four,0.46,mpfi,1.07,0.78,-0.21,0.3,-0.68,-0.19,-0.11,-0.45
169,2,0.38,toyota,gas,std,two,hatchback,rwd,front,-0.06,0.17,-0.14,-0.71,-0.01,ohc,four,0.46,mpfi,1.07,0.78,-0.21,0.3,-0.68,-0.19,-0.11,-0.41
170,2,0.38,toyota,gas,std,two,hardtop,rwd,front,-0.06,0.17,-0.14,-0.71,0.24,ohc,four,0.46,mpfi,1.07,0.78,-0.21,0.3,-0.68,-0.19,-0.11,-0.26
171,2,0.38,toyota,gas,std,two,hatchback,rwd,front,-0.06,0.17,-0.14,-0.71,0.31,ohc,four,0.46,mpfi,1.07,0.78,-0.21,0.3,-0.68,-0.19,-0.11,-0.21
172,2,0.38,toyota,gas,std,two,convertible,rwd,front,-0.06,0.17,-0.14,-0.3,0.81,ohc,four,0.46,mpfi,1.07,0.78,-0.21,0.3,-0.68,-0.19,-0.11,0.57
173,-1,-1.8,toyota,gas,std,four,sedan,fwd,front,0.61,0.13,0.28,0.48,-0.44,ohc,four,-0.12,mpfi,-0.07,0.91,-0.36,-0.31,-1.94,0.58,0.47,-0.54
174,-1,-1.8,toyota,diesel,turbo,four,sedan,fwd,front,0.61,0.13,0.28,0.48,-0.15,ohc,four,-0.41,idi,-0.22,0.3,3.12,-0.79,-1.31,0.73,0.33,-0.32
175,-1,-1.8,toyota,gas,std,four,hatchback,fwd,front,0.61,0.13,0.28,0.07,-0.27,ohc,four,-0.12,mpfi,-0.07,0.91,-0.36,-0.31,-1.94,0.27,0.18,-0.41
176,-1,-1.8,toyota,gas,std,four,sedan,fwd,front,0.61,0.13,0.28,0.48,-0.27,ohc,four,-0.12,mpfi,-0.07,0.91,-0.36,-0.31,-1.94,0.27,0.18,-0.29
177,-1,-1.8,toyota,gas,std,four,hatchback,fwd,front,0.61,0.13,0.28,0.07,-0.19,ohc,four,-0.12,mpfi,-0.07,0.91,-0.36,-0.31,-1.94,0.27,0.18,-0.25
178,3,2.37,toyota,gas,std,two,hatchback,rwd,front,0.69,0.77,0.84,-0.71,0.81,dohc,six,1.06,mpfi,-0.22,0.3,-0.21,1.44,0.16,-0.8,-0.98,0.43
179,3,2.37,toyota,gas,std,two,hatchback,rwd,front,0.69,0.77,0.84,-0.71,0.89,dohc,six,1.06,mpfi,-0.22,0.3,-0.21,1.44,0.16,-0.95,-0.98,0.36
180,-1,-1.01,toyota,gas,std,four,sedan,rwd,front,0.96,1.12,0.28,0.15,1.11,dohc,six,1.06,mpfi,-0.22,0.3,-0.24,1.31,0.16,-0.8,-0.98,0.32
181,-1,0.0,toyota,gas,std,four,wagon,rwd,front,0.96,1.12,0.28,0.15,1.15,dohc,six,0.82,mpfi,-0.22,0.3,-0.24,1.31,0.16,-0.95,-0.98,0.32
182,2,0.0,volkswagen,diesel,std,two,sedan,fwd,front,-0.24,-0.19,-0.19,0.81,-0.57,ohc,four,-0.72,idi,-1.18,0.46,3.24,-1.33,-0.68,1.81,2.22,-0.69
183,2,0.0,volkswagen,gas,std,two,sedan,fwd,front,-0.24,-0.19,-0.19,0.81,-0.67,ohc,four,-0.43,mpfi,-0.52,0.46,-0.29,-0.49,0.26,0.27,0.47,-0.67
184,2,-0.89,volkswagen,diesel,std,four,sedan,fwd,front,-0.24,-0.19,-0.19,0.81,-0.56,ohc,four,-0.72,idi,-1.18,0.46,3.24,-1.33,-0.68,1.81,2.22,-0.66
185,2,-0.89,volkswagen,gas,std,four,sedan,fwd,front,-0.24,-0.19,-0.19,0.81,-0.66,ohc,four,-0.43,mpfi,-0.52,0.46,-0.29,-0.49,0.26,0.27,0.47,-0.64
186,2,-0.89,volkswagen,gas,std,four,sedan,fwd,front,-0.24,-0.19,-0.19,0.81,-0.54,ohc,four,-0.43,mpfi,-0.52,0.46,-0.29,-0.49,0.26,0.27,0.47,-0.6
187,2,-0.89,volkswagen,diesel,turbo,four,sedan,fwd,front,-0.24,-0.19,-0.19,0.81,-0.46,ohc,four,-0.72,idi,-1.18,0.46,3.24,-0.92,-1.31,1.81,1.64,-0.47
188,2,-0.89,volkswagen,gas,std,four,sedan,fwd,front,-0.24,-0.19,-0.19,0.81,-0.49,ohc,four,-0.43,mpfi,-0.52,0.46,-0.04,-0.11,0.79,0.12,0.18,-0.41
189,3,0.0,volkswagen,gas,std,two,convertible,fwd,front,-0.71,-1.2,-0.8,0.77,-0.58,ohc,four,-0.43,mpfi,-0.52,0.46,-0.41,-0.36,0.79,-0.19,-0.25,-0.21
190,3,4.24,volkswagen,gas,std,two,hatchback,fwd,front,-0.71,-0.68,-0.89,-0.95,-0.64,ohc,four,-0.43,mpfi,-0.52,0.46,-0.41,-0.36,0.79,-0.19,-0.25,-0.41
191,0,0.0,volkswagen,gas,std,four,sedan,fwd,front,0.27,0.5,0.46,0.56,0.2,ohc,five,0.22,mpfi,-0.52,0.46,-0.41,0.15,0.79,-0.95,-0.98,0.01
192,0,0.0,volkswagen,diesel,turbo,four,sedan,fwd,front,0.27,0.5,0.46,0.56,0.05,ohc,four,-0.72,idi,-1.18,0.46,3.24,-0.92,-1.31,1.19,1.06,0.08
193,0,0.0,volkswagen,gas,std,four,wagon,fwd,front,0.27,0.74,0.46,0.56,0.01,ohc,four,-0.43,mpfi,-0.52,0.46,-0.29,-0.41,0.79,-0.03,0.04,-0.12
194,-2,-0.6,volvo,gas,std,four,sedan,rwd,front,0.92,1.2,0.6,1.02,0.69,ohc,four,0.34,mpfi,1.67,-0.34,-0.16,0.25,0.58,-0.34,-0.4,-0.03
195,-1,-1.52,volvo,gas,std,four,wagon,rwd,front,0.92,1.2,0.6,1.55,0.92,ohc,four,0.34,mpfi,1.67,-0.34,-0.16,0.25,0.58,-0.34,-0.4,0.03
196,-2,-0.6,volvo,gas,std,four,sedan,rwd,front,0.92,1.2,0.6,1.02,0.73,ohc,four,0.34,mpfi,1.67,-0.34,-0.16,0.25,0.58,-0.19,-0.4,0.35
197,-1,-1.52,volvo,gas,std,four,wagon,rwd,front,0.92,1.2,0.6,1.55,0.94,ohc,four,0.34,mpfi,1.67,-0.34,-0.16,0.25,0.58,-0.19,-0.4,0.42
198,-2,-0.6,volvo,gas,turbo,four,sedan,rwd,front,0.92,1.2,0.6,1.02,0.94,ohc,four,0.07,mpfi,1.07,-0.34,-0.67,1.46,-0.05,-1.26,-1.27,0.66
199,-1,-1.52,volvo,gas,turbo,four,wagon,rwd,front,0.92,1.2,0.6,1.55,1.16,ohc,four,0.07,mpfi,1.07,-0.34,-0.67,1.46,-0.05,-1.26,-1.27,0.73
200,-1,-0.85,volvo,gas,std,four,sedan,rwd,front,1.72,1.2,1.4,0.73,0.76,ohc,four,0.34,mpfi,1.67,-0.34,-0.16,0.25,0.58,-0.34,-0.4,0.46
201,-1,-0.85,volvo,gas,turbo,four,sedan,rwd,front,1.72,1.2,1.35,0.73,0.95,ohc,four,0.34,mpfi,1.67,-0.34,-0.36,1.41,0.37,-0.95,-0.84,0.74
202,-1,-0.85,volvo,gas,std,four,sedan,rwd,front,1.72,1.2,1.4,0.73,0.88,ohcv,six,1.11,mpfi,0.93,-1.23,-0.34,0.75,0.79,-1.11,-1.13,1.05
203,-1,-0.85,volvo,diesel,turbo,four,sedan,rwd,front,1.72,1.2,1.4,0.73,1.27,ohc,six,0.44,idi,-1.18,0.46,3.24,0.04,-0.68,0.12,-0.55,1.18
204,-1,-0.85,volvo,gas,turbo,four,sedan,rwd,front,1.72,1.2,1.4,0.73,0.98,ohc,four,0.34,mpfi,1.67,-0.34,-0.16,0.25,0.58,-0.95,-0.84,1.2
